Patient Information:,,,Sat Jan 1 2000,Mon Nov 24 2025,,----,,,,----,----
HS step 1 extension force: ,0,0.6112,0.4964,0.4992,0.5797,0.5288,0.5812,0.6589,0.4634,0.5562,0.5782,0.5857,0.5723,0.5842,0.5417,0.5217,0.6036,0.5048,0.5991,0.6699,0.5231,0.5709,0.5782,0.5753,0.5871,0.5709,0.5827,0.5709,0.5621,0.5931,0.5812,0.5827,0.5203,0.549,0.6279,0.5797,0.5797,0.5886,0.5738,0.5886,0.5812,0.5827,0.5635,0.5782,0.5797,0.5782,0.5812,0.4405,0.6985,0.731,0.4634,0.4729,0.7017,0.6112,0.5753,0.5606,0.6449,0.4486,0.6127,0.6969,0.4445,0.5709,0.5374,0.5548,0.6157,0.6762,0.886,0.8135,1.1068,1.649,1.7127,1.8793,2.0236,2.054,2.2435,2.1409,2.1918,2.195,2.3062,2.2337,2.1726,2.195,2.1472,2.1252,2.2046,2.179,2.2272,2.2929,2.2829,2.3498,2.2962,2.3769,2.3769,2.3532,2.4739,2.5021,2.4668,2.4354,2.4078,2.4528,2.4598,2.4563,2.5056,2.5163,2.495,2.4986,2.5128,2.5413,2.5413,2.5306,2.4986,2.5056,2.425,2.3633,2.2995,1.911,1.5767,1.41,1.1605,0.7147,0.5991,0.5665,0.5432,0.5827,0.5857,0.5901,0.5797,0.5665,0.5812,0.6021,0.5991,0.5797,0.5886,0.5591,0.5842,0.5782,0.5738,0.5961,0.6218,0.6188,0.6683,0.956,1.1068,1.4314,1.4699,1.5666,1.7397,1.8141,1.9139,1.9081,2.0266,2.0724,2.0909,2.1567,2.122,2.1346,2.144,2.122,2.179,2.2533,2.2862,2.2014,2.179,2.2829,2.2175,2.2829,2.2599,2.3667,2.3062,2.3803,2.3667,2.3633,2.4078,2.4009,2.3195,2.4285,2.4146,2.4354,2.4146,2.4216,2.3599,2.4216,2.4146,2.4389,2.4285,2.4319,2.2829,2.2664,2.273,2.2078,2.122,2.0816,1.9726,1.7288,1.5439,1.2462,0.6778,0.5417,0.5931,0.5812,0.5901,0.5812,0.5886,0.5976,0.5679,0.5461,0.5961,0.5886,0.5827,0.5886,0.5389,0.5886,0.5475,0.5871,0.5533,0.5916,0.5533,0.8309,1.021,1.559,2.144,2.1885,2.3532,2.1252,2.1758,2.2402,2.273,2.2895,2.273,2.3667,2.6213,2.7564,2.7373,2.8494,2.8731,2.881,2.933,2.9049,2.8969,2.885,2.9451,2.9249,2.8771,2.9209,2.9129,2.8692,2.8181,2.6957,2.6176,2.4915,2.2014,1.9608,1.678,1.0406,0.7759,0.5931,0.5432,0.5797,0.5946,0.5797,0.5871,0.5871,0.5916,0.6036,0.5961,0.5946,0.5976,0.5475,0.5709,0.5976,0.5871,0.5961,0.5504,0.5679,0.5562,0.5901,0.5976,0.5976,0.5886,0.5871,0.5871,0.5389,0.5871,0.5812,0.5842,0.5976,0.5797,0.5916,0.5976,0.5665,0.5946,0.5768,0.5562,0.5886,0.565,0.5901
HS step 2 extension force: ,0,0.5374,0.5857,0.549,0.5916,0.5709,0.5842,0.5931,0.5812,0.5842,0.5886,0.5886,0.5665,0.5797,0.5812,0.5738,0.5916,0.5665,0.5946,0.5635,0.5504,0.5916,0.5961,0.5946,0.5931,0.5916,0.5961,0.5946,0.5931,0.5886,0.5991,0.549,0.5976,0.5931,0.5432,0.5976,0.5812,0.5976,0.5797,0.5797,0.5901,0.8467,0.9224,1.2072,1.564,1.6229,1.9314,2.054,2.1918,2.2962,2.4703,2.4285,2.5593,2.4078,2.4493,2.5702,2.5847,2.5883,2.5593,2.7487,2.764,2.8416,2.8416,2.8298,2.8969,2.8771,2.941,2.9612,2.9653,2.9451,3.0892,3.1612,3.1956,3.2043,3.0599,3.0391,3.0557,2.9169,3.0102,3.0185,2.9249,3.0185,2.9816,2.8929,3.0143,2.8969,3.0433,2.881,2.941,2.8929,2.9775,2.9857,2.9897,2.9897,2.9775,2.8298,2.9451,2.9089,2.8298,2.7755,2.707,2.4915,2.4078,1.9756,1.4077,1.1732,0.8787,0.7929,0.7742,0.7442,0.6825,0.7066,0.7195,0.7066,0.7228,0.7195,0.6714,0.6371,0.631,0.6433,0.6233,0.6746,0.6873,0.6937,0.6841,0.7392,0.7541,0.7212,0.798,0.7895,0.7692,0.8414,0.7793,0.8292,0.8644,0.8274,0.8716,0.895,0.9096,0.9787,1.2051,2.0479,2.1127,2.2111,2.3974,2.4563,2.5199,2.5883,2.5811,2.6323,2.662,2.5593,2.6844,2.6844,2.7297,2.707,2.7564,2.6957,2.6769,2.707,2.6919,2.6919,2.6657,2.6769,2.6508,2.6994,2.662,2.5956,2.662,2.7297,2.6957,2.7032,2.6545,2.6957,2.7297,2.7183,2.7032,2.7259,2.6919,2.7411,2.6657,2.7679,2.7564,2.7183,2.7297,2.7411,2.7107,2.7411,2.7564,2.7717,2.7602,2.7183,2.7487,2.625,2.662,2.7487,2.7297,2.7564,2.7145,2.7145,2.6139,2.6806,2.6657,2.5163,2.5234,2.273,2.2566,2.0755,1.8621,1.7533,1.554,1.1689,1.148,0.8414,0.7017,0.6036,0.6157,0.6157,0.5812,0.5303,0.536,0.5797,0.536,0.5288,0.5723,0.5723,0.536,0.5961,0.6036,0.5901,0.5946,0.5504,0.5857,0.5976,0.6066,0.6021,0.6081,0.5871,0.6203,0.6746,0.6573,0.6418,0.6905,0.6857,0.6969,0.7228,0.7642,0.8555,1.0347,1.3609,1.8085,1.9697,2.0693,2.3363,2.4043,2.5413,2.5593,2.6508,2.6139,2.7032,2.7411,2.707,2.7794,2.7487,2.764,2.7948,2.7679,2.7871,2.707,2.8181,2.881,2.8377,2.7987,2.881,2.8613,2.8613,2.8652,2.885,2.9049,2.9049,2.791,2.7871,2.8573,2.9129,2.9209,2.9009,2.9089,2.885,2.889,2.8104,2.9049,2.937,2.8692,2.7832,2.9049,2.8338,2.9009,2.8929,2.8416,2.9289,2.9289,2.9169,2.889,2.889,2.8731,2.8494,2.7602,2.7832,2.8026,2.6103,2.4844,2.3565,2.1127,1.5666,1.3679,0.9997,0.7228,0.631,0.5723,0.5679,0.5842,0.5931,0.5812,0.5857,0.5432,0.5665,0.5946,0.6006,0.5901,0.5842,0.5857,0.5961,0.5901,0.5901,0.5901,0.5857,0.5389,0.5901,0.5901,0.5976,0.5782,0.5901,0.5871,0.5931,0.5797,0.5961,0.5446,0.5562,0.5871,0.5976,0.5961,0.5857,0.5417,0.5946,0.5886,0.5991,0.5842,0.5782,0.5753,0.5886,0.5782,0.5871,0.5842,0.5991,0.5901,0.5709,0.5782,0.5827,0.5842,0.5976,0.5317,0.5871,0.5374,0.5562
HS step 2 extension force average: ,0,0.573,0.5723,0.572,0.5706,0.5713,0.5717,0.5728,0.5737,0.5742,0.5761,0.5768,0.5769,0.5777,0.5779,0.5778,0.5791,0.5791,0.5791,0.5799,0.5785,0.5781,0.5796,0.5806,0.5814,0.5828,0.5835,0.5842,0.583,0.5834,0.5841,0.5838,0.5832,0.5839,0.5831,0.5825,0.5829,0.5822,0.5825,0.5824,0.5819,0.5902,0.6081,0.6617,0.7058,0.7598,0.8821,0.9497,1.0211,1.1695,1.2434,1.3168,1.4512,1.5141,1.5698,1.6825,1.737,1.7887,1.8818,1.9288,1.9792,2.0722,2.1191,2.1627,2.2475,2.2864,2.3243,2.3989,2.4333,2.4651,2.5307,2.5669,2.6041,2.6753,2.7031,2.7242,2.7631,2.7767,2.7881,2.816,2.8255,2.8344,2.8562,2.8612,2.8668,2.8801,2.8856,2.8903,2.9004,2.9014,2.9034,2.9119,2.9166,2.921,2.9273,2.9259,2.9235,2.9228,2.9196,2.9125,2.896,2.878,2.8519,2.7747,2.7087,2.6224,2.4334,2.3362,2.2416,2.0668,1.9844,1.9058,1.764,1.7,1.64,1.5303,1.4794,1.4292,1.3344,1.2919,1.2518,1.1819,1.1514,1.1234,1.072,1.05,1.0316,0.9961,0.9817,0.9702,0.9483,0.9396,0.9317,0.919,0.9146,0.9104,0.9051,0.9038,0.9037,0.909,0.9296,0.9721,1.0395,1.1717,1.2406,1.3128,1.4459,1.5134,1.5786,1.7013,1.7589,1.8108,1.909,1.9563,2.002,2.0852,2.1245,2.1612,2.2226,2.2512,2.2785,2.3036,2.35,2.3696,2.3875,2.4201,2.4359,2.4477,2.4731,2.4866,2.5004,2.5232,2.5327,2.5414,2.5543,2.5646,2.5735,2.5895,2.5968,2.6041,2.6157,2.6219,2.6304,2.641,2.646,2.6515,2.6609,2.6649,2.67,2.6797,2.685,2.6883,2.693,2.6926,2.6896,2.6881,2.6912,2.6944,2.7004,2.7013,2.699,2.6965,2.6951,2.6887,2.6716,2.6549,2.6312,2.5752,2.5382,2.4938,2.3932,2.3304,2.259,2.1115,2.0299,1.946,1.7891,1.7176,1.6495,1.523,1.4628,1.4077,1.3067,1.2595,1.2164,1.1404,1.1047,1.0719,1.0167,0.9911,0.9668,0.9207,0.8993,0.8805,0.848,0.8332,0.8193,0.794,0.7824,0.7742,0.763,0.7561,0.7507,0.7427,0.7395,0.7377,0.7378,0.7422,0.7545,0.8061,0.8535,0.9166,1.0535,1.1235,1.1994,1.3442,1.4176,1.4899,1.627,1.6898,1.7527,1.8659,1.9193,1.9707,2.0662,2.1096,2.1505,2.227,2.2586,2.2893,2.348,2.3791,2.4059,2.4578,2.4829,2.506,2.5409,2.5613,2.5816,2.6172,2.6312,2.6409,2.6593,2.6731,2.6879,2.7144,2.726,2.7364,2.7501,2.7562,2.7623,2.7783,2.7859,2.7883,2.7974,2.8018,2.8058,2.8103,2.8138,2.8181,2.8291,2.8348,2.8389,2.8453,2.8475,2.8483,2.8453,2.8408,2.8379,2.8183,2.8018,2.7785,2.7239,2.6701,2.5968,2.4284,2.333,2.2321,2.0383,1.9489,1.8653,1.7114,1.6429,1.5784,1.4604,1.4053,1.3551,1.2657,1.2249,1.1861,1.1159,1.0839,1.054,0.9999,0.9749,0.9513,0.9069,0.8861,0.8681,0.8356,0.8206,0.8062,0.779,0.7675,0.7565,0.737,0.7268,0.7161,0.6995,0.6929,0.6871,0.6761,0.6693,0.6631,0.6545,0.6508,0.6472,0.6368,0.6332,0.63,0.6241,0.6216,0.6194,0.6162,0.6149,0.6103,0.6081,0.6064,0.6039,0.6031,0.6008,0.5966,0.5945,0.5916
HS step 3 extension force: ,0,0.5842,0.5886,0.5901,0.6006,0.5827,0.5797,0.5857,0.5931,0.5317,0.5346,0.5871,0.5901,0.5946,0.5976,0.5931,0.5274,0.5871,0.5931,0.5916,0.5946,0.536,0.5446,0.5916,0.5916,0.5842,0.5931,0.5871,0.5916,0.5753,0.5871,0.5946,0.5871,0.5331,0.5916,0.5857,0.5857,0.5916,0.5886,0.5797,0.5886,0.5857,0.565,0.5389,0.5976,0.5901,0.5886,0.5591,0.5901,0.5738,0.5886,0.5946,0.5606,0.5346,0.5916,0.5417,0.5635,0.5991,0.5857,0.5562,0.5871,0.5797,0.5782,0.7912,0.6081,0.8135,0.9466,1.0845,1.1605,1.188,1.1668,1.4242,1.5239,1.592,1.649,1.7506,1.8225,1.9139,1.911,1.8707,1.8366,1.7863,1.9816,2.0055,1.9373,2.1821,2.2208,2.1918,2.2697,2.3062,2.3633,2.4078,2.3803,2.3872,2.3974,2.3906,2.3062,2.3974,2.3735,2.3262,2.3128,2.3565,2.3329,2.3229,2.3229,2.3095,2.3296,2.3128,2.3195,2.2599,2.2829,2.2829,2.2566,2.0816,1.9052,1.8564,1.7615,1.6621,1.5691,1.2158,1.1418,0.8932,0.7033,0.6341,0.5665,0.5303,0.5782,0.5274,0.5519,0.5812,0.5753,0.5591,0.5389,0.5461,0.5679,0.5723,0.5797,0.6066,0.6157,0.5886,0.6652,0.6652,0.6905,0.7066,0.7525,0.7658,0.7608,0.7692,0.7793,0.8538,0.8914,1.0446,1.3702,1.4796,1.6074,1.7234,1.7835,1.8479,1.9935,1.9726,2.144,2.1315,2.224,2.4633,2.5883,2.5378,2.6066,2.394,2.4389,2.4043,2.4598,2.5557,2.636,2.625,2.6139,2.592,2.6434,2.6139,2.6286,2.6471,2.6471,2.6806,2.6176,2.6323,2.6657,2.6806,2.6397,2.5774,2.4633,2.2929,2.1918,2.2046,2.273,2.237,2.2402,2.2929,2.3872,2.3667,2.3769,2.5021,2.4528,2.5234,2.4986,2.5021,2.4146,2.394,2.3028,2.2272,1.9314,1.778,1.6674,1.4006,1.255,0.9298,0.5842,0.5871,0.549,0.5519,0.5916,0.5812,0.8502,0.7591,0.6667,0.6218,0.8049,0.9132,0.705,0.6172,0.5621,0.6279,0.6371,0.6279,0.6279,0.7658,0.731,0.6746,0.6857,0.7066,0.7294,0.8662,1.0386,1.2115,1.3197,1.4124,1.6647,1.885,1.9756,2.122,2.2078,2.25,2.2995,2.3498,2.4078,2.4528,2.4424,2.4528,2.4703,2.4146,2.3701,2.25,2.343,2.3329,2.5234,2.5199,2.6176,2.5056,2.527,2.6286,2.592,2.5342,2.4986,2.4493,2.5485,2.4809,2.4285,2.2468,1.5414,1.1355,0.6857,0.5916,0.5901,0.549,0.5679,0.5871,0.5842,0.5665,0.5886,0.5886,0.5916,0.536,0.5768,0.5842,0.5842,0.5916,0.5976,0.5709,0.5389,0.5916,0.5871,0.5812,0.5871,0.5871,0.5782,0.5562,0.5857,0.5723,0.5857,0.5901,0.5782,0.5901,0.5797,0.5842,0.5679,0.5842,0.5886,0.5931,0.5901,0.5886,0.5827,0.5621,0.5827,0.5331,0.536,0.5782
HS step 3 extension force average: ,0,0.5757,0.5764,0.5772,0.5788,0.5795,0.5796,0.5806,0.5812,0.58,0.5742,0.5734,0.5743,0.5762,0.5774,0.5785,0.5785,0.5772,0.578,0.5787,0.5796,0.5787,0.5769,0.5764,0.5773,0.5766,0.5773,0.5781,0.5788,0.5791,0.5792,0.577,0.5778,0.5768,0.5768,0.5775,0.578,0.579,0.5797,0.5799,0.5784,0.579,0.5788,0.5777,0.5772,0.5782,0.5756,0.5755,0.5754,0.574,0.5744,0.5755,0.5765,0.5748,0.574,0.5745,0.5732,0.5737,0.5735,0.5733,0.5732,0.575,0.5752,0.5819,0.5907,0.598,0.6152,0.665,0.6928,0.7222,0.7809,0.8122,0.8525,0.9386,0.9801,1.024,1.1136,1.1595,1.2054,1.2814,1.3162,1.3464,1.4093,1.4448,1.4769,1.5392,1.5795,1.6177,1.6901,1.7265,1.7636,1.8371,1.8711,1.9023,1.9629,1.9891,2.011,2.0522,2.0725,2.0894,2.1142,2.1276,2.1408,2.162,2.1718,2.1806,2.1974,2.205,2.2117,2.223,2.226,2.2294,2.23,2.2263,2.2121,2.1715,2.1494,2.1228,2.0649,2.024,1.9725,1.8597,1.7951,1.7265,1.5911,1.5276,1.4683,1.3618,1.3117,1.2663,1.1851,1.1475,1.111,1.0461,1.0163,0.9891,0.9402,0.9191,0.9004,0.8667,0.8521,0.8407,0.8218,0.8143,0.8092,0.8024,0.8,0.7979,0.7947,0.796,0.8007,0.8201,0.8437,0.8791,0.9637,1.0064,1.0519,1.1429,1.1903,1.2385,1.3361,1.3849,1.4332,1.5325,1.593,1.6521,1.7607,1.8057,1.8429,1.9106,1.9423,1.9767,2.0514,2.1143,2.1451,2.1729,2.2,2.2497,2.2724,2.2946,2.3354,2.3554,2.3733,2.401,2.4161,2.4318,2.4582,2.4673,2.4706,2.4537,2.4408,2.426,2.4052,2.3961,2.3865,2.3678,2.3661,2.3667,2.3607,2.3655,2.3724,2.3873,2.3949,2.4013,2.4089,2.4086,2.4049,2.3878,2.3691,2.3377,2.2636,2.2192,2.1649,2.0385,1.9605,1.8767,1.7227,1.6513,1.5856,1.4647,1.4191,1.3817,1.3044,1.2642,1.2307,1.1928,1.1695,1.1385,1.0756,1.02,0.9964,0.9743,0.9329,0.9185,0.9082,0.8842,0.8718,0.8611,0.8402,0.8376,0.8446,0.8826,0.9059,0.9339,1.0078,1.0545,1.1078,1.2201,1.2776,1.3356,1.4495,1.5028,1.5561,1.6585,1.7065,1.7516,1.8358,1.8727,1.9044,1.9496,1.9707,1.9931,2.0374,2.0669,2.0975,2.1566,2.1785,2.2028,2.2513,2.2915,2.3052,2.3155,2.3308,2.342,2.3489,2.3503,2.3225,2.2626,2.1028,2.0137,1.927,1.7672,1.6936,1.6257,1.5031,1.4467,1.3937,1.2954,1.2525,1.2105,1.1351,1.1013,1.0698,1.0112,0.9858,0.9614,0.9159,0.8945,0.876,0.8417,0.826,0.8115,0.7817,0.7686,0.7566,0.7458,0.724,0.7157,0.7077,0.693,0.6864,0.6801,0.6612,0.656,0.6518,0.6443,0.6411,0.6379,0.6319,0.6282,0.6248,0.6183,0.6132,0.6098
Text edit contents: ,"A place for a clinician to note down any specific observations when performing the test
","A place for a clinician to note down any specific observations when performing the test
","A place for a clinician to note down any specific observations when performing the test
","A place for a clinician to note down any specific observations and comments
"
Unaffected leg extension:,Affected leg voluntary extension (V):,Affected leg involuntary extension (IV):,Affected leg involuntary/voluntary ratio (IVVR = IV/V):
2.9451,3.2043,2.9273,2.6806,0.84
