Patient Information:,,,Sat Jan 1 2000,Sun Nov 23 2025,,----,,,,----,----
HS step 1 extension force: ,0,0.1495,0.1692,0.165,0.1661,0.1682,0.165,0.1671,0.163,0.1682,0.1424,0.1363,0.1619,0.1506,0.1475,0.1343,0.1475,0.1692,0.1692,0.1682,0.1312,0.1434,0.1343,0.1671,0.1598,0.1692,0.1495,0.1475,0.1526,0.1353,0.1692,0.1692,0.1516,0.1485,0.1332,0.164,0.1363,0.1619,0.1619,0.1682,0.1609,0.1516,0.1343,0.165,0.1682,0.1403,0.1619,0.1567,0.1661,0.1578,0.1373,0.1495,0.164,0.1588,0.1526,0.1671,0.1671,0.1353,0.1692,0.1682,0.1465,0.165,0.1547,0.1413,0.1766,0.2274,0.3493,0.3655,0.4553,0.6036,0.8049,0.9169,1.3842,1.6464,1.778,2.0327,2.1885,2.3872,2.4043,2.2566,2.3974,2.3974,2.495,2.6066,2.6434,2.5521,2.6732,2.636,2.7145,2.7297,2.7832,2.7794,2.7871,2.8065,2.8181,2.8613,2.8142,2.8652,2.8377,2.8142,2.7948,2.8969,2.8573,2.8259,2.8455,2.8929,2.8573,2.8104,2.6583,2.5199,2.3803,1.8002,1.4578,1.0386,0.5842,0.5231,0.4499,0.4853,0.3986,0.373,0.3667,0.3718,0.3973,0.4115,0.4115,0.4076,0.368,0.4011,0.4445,0.5842,1.1088,1.3586,1.7946,2.2796,2.2763,2.5163,2.6694,2.7717,2.7832,2.7871,2.8181,2.8494,2.7794,2.8065,2.8969,2.8652,2.8494,2.9209,2.9289,2.9491,2.9734,2.9572,2.937,2.9249,2.9857,3.002,2.9897,2.9775,2.9857,3.0185,3.0391,2.9857,3.0433,3.0102,3.0267,3.002,3.0308,2.9572,3.0474,3.0808,3.0682,3.0061,3.085,3.0557,3.0934,3.0557,3.0641,2.941,2.937,3.0599,2.941,3.0267,2.9089,2.7373,2.7755,2.563,2.4216,2.2962,2.1064,1.7207,1.5314,1.4171,1.2201,1.0564,0.9997,0.9901,0.9541,0.9261,0.9078,0.9114,0.8467,0.8467,0.886,0.9428,1.0074,1.0386,1.1859,1.1923,1.3334,1.6595,1.9786,2.1315,2.3028,2.5128,2.6029,2.7221,2.7602,2.8104,2.8494,2.8613,2.9009,2.8969,2.9129,2.9249,2.885,2.9572,2.9775,2.9653,2.9775,2.9857,2.9775,2.9572,2.9451,2.9653,3.0061,3.0061,3.0308,3.0226,3.0061,3.0102,3.0516,3.0226,2.9857,3.0143,3.0102,3.0102,2.9129,2.8652,2.8259,2.5413,2.4216,2.0724,1.4506,1.1335,1.0804,0.868,0.7675,0.6762,0.3617,0.1893,0.1819,0.1454,0.1403,0.1598,0.1424,0.1588,0.1619,0.1475,0.1363,0.164,0.163,0.163,0.1383,0.1536,0.1682,0.1682,0.1383,0.1495,0.165,0.164,0.1506,0.165,0.1444,0.1547,0.1434,0.1485,0.164,0.1598,0.164,0.1424,0.1609,0.1403,0.1598,0.1526,0.165,0.164,0.1661,0.1444,0.164,0.1692,0.1353,0.1619,0.1485,0.1434,0.1506,0.1609,0.1536,0.1703,0.1454,0.1598,0.164,0.1567,0.1692,0.1444,0.164,0.1692,0.1547,0.165,0.1598,0.1475,0.1619,0.1619
HS step 2 extension force: ,0,0.165,0.165,0.1475,0.1557,0.1713,0.1506,0.165,0.1516,0.1485,0.165,0.165,0.1661,0.1682,0.163,0.165,0.1661,0.1671,0.165,0.1713,0.1485,0.1671,0.163,0.164,0.1671,0.1661,0.1413,0.163,0.1682,0.1383,0.1424,0.1703,0.165,0.1363,0.1619,0.165,0.1485,0.1343,0.1454,0.1485,0.1661,0.1557,0.1588,0.1353,0.164,0.1661,0.163,0.1661,0.1475,0.1671,0.1703,0.1353,0.1598,0.1682,0.1516,0.1598,0.1393,0.165,0.165,0.164,0.1661,0.1353,0.2589,0.7827,0.8467,1.8113,2.5342,1.5946,1.4919,2.273,1.7753,1.9608,2.6286,3.1145,3.2086,3.8665,3.9435,4.0802,4.1774,3.8716,3.3814,3.1956,3.1741,3.2566,3.3769,3.5811,3.5526,3.6725,3.6145,3.7067,3.6579,3.6482,3.6676,3.6193,3.7461,3.7958,3.7908,3.831,3.1741,3.213,3.2347,3.3454,3.3814,3.3679,3.4362,3.4963,3.756,3.9643,3.7709,3.751,3.7958,3.756,3.8563,3.9383,3.8869,3.8971,3.928,3.9956,3.9539,3.9904,3.9904,3.8971,3.9799,3.9332,3.7908,3.7067,3.7067,3.6241,3.4362,3.2304,3.0308,2.7717,2.0418,1.8141,1.3084,0.7228,0.648,0.3655,0.2341,0.1947,0.2352,0.1851,0.1872,0.2498,0.3456,0.3832,0.3718,0.3718,0.4115,0.462,0.4702,0.4089,0.3518,0.3032,0.2808,0.3419,0.3104,0.4259,0.4553,0.4867,0.565,0.7326,1.1108,1.3425,1.8908,2.5021,3.213,3.1399,3.9074,4.0324,4.0536,4.0856,3.9125,3.7461,3.2043,3.2478,3.4041,3.2173,3.1913,3.2347,3.3498,3.3543,3.4408,3.4592,3.5197,3.5573,3.4777,3.5954,3.6386,3.7808,3.7908,3.8059,3.9125,3.7958,3.8563,3.9228,3.928,3.9539,3.9643,3.9956,3.9643,4.0061,4.0377,3.9383,3.9799,4.0696,4.0909,4.0963,4.1719,4.1992,4.1556,4.1178,4.0483,3.2963,2.8613,0.4812,0.4063,0.308,0.3394,0.2589,0.1485,0.1567,0.1661,0.164,0.1434,0.1465,0.164,0.1682,0.1536,0.1692,0.1682,0.1661,0.1671,0.1671,0.1692,0.1713,0.1619,0.1661,0.1619,0.1485,0.163,0.164,0.164,0.1598,0.1557,0.1619,0.1343,0.1619,0.1434,0.165,0.1485,0.1609,0.1444,0.1485,0.1661,0.1671,0.1588,0.1567,0.1682,0.1682,0.1598,0.163,0.1557,0.1363,0.165,0.165,0.163,0.1516,0.163,0.1682,0.1661,0.1495,0.1516,0.163,0.1609,0.1516,0.1619,0.1547,0.1682,0.1682,0.1526,0.1485,0.1661,0.1671,0.1485,0.1713,0.1619
HS step 2 extension force average: ,0,0.1623,0.1624,0.1621,0.1604,0.1599,0.16,0.1598,0.1602,0.1596,0.1594,0.16,0.1603,0.1607,0.161,0.1612,0.1614,0.1618,0.162,0.1624,0.1626,0.1623,0.1625,0.163,0.1631,0.1633,0.1615,0.1609,0.1612,0.1609,0.1597,0.1595,0.1605,0.1599,0.1592,0.1583,0.1582,0.1572,0.1556,0.1551,0.1554,0.1558,0.1559,0.1562,0.1558,0.1563,0.1571,0.1576,0.1575,0.1581,0.1587,0.1583,0.1582,0.1586,0.1587,0.1589,0.1584,0.158,0.159,0.1594,0.1597,0.1591,0.1625,0.1844,0.2227,0.3415,0.453,0.5511,0.6115,0.7251,0.8042,0.869,1.039,1.1506,1.273,1.538,1.6822,1.824,2.0975,2.2148,2.3008,2.4057,2.4531,2.4995,2.5942,2.648,2.704,2.8149,2.9107,2.9563,3.0005,3.0773,3.1126,3.145,3.2111,3.2452,3.2786,3.3365,3.3466,3.3373,3.3303,3.3278,3.33,3.3373,3.3412,3.3488,3.3814,3.4106,3.4384,3.4764,3.515,3.5308,3.5476,3.5899,3.6095,3.6267,3.6575,3.676,3.6942,3.7272,3.7432,3.7554,3.7726,3.7838,3.7885,3.7874,3.7825,3.7754,3.7479,3.7226,3.6866,3.6008,3.5281,3.4306,3.2157,3.0818,2.9359,2.6442,2.5014,2.3622,2.1083,1.9927,1.8827,1.6844,1.6,1.5247,1.3883,1.3265,1.2695,1.1727,1.1297,1.0876,1.0048,0.9635,0.9226,0.8482,0.8165,0.7892,0.7488,0.7319,0.7194,0.7088,0.7217,0.7525,0.8493,0.9313,1.158,1.2809,1.4174,1.7161,1.8578,2.1028,2.2183,2.3164,2.4421,2.4899,2.5408,2.6059,2.6423,2.6771,2.748,2.7848,2.8221,2.8979,2.9339,3.0376,3.0668,3.0954,3.1552,3.189,3.2253,3.2928,3.3552,3.3856,3.4124,3.4692,3.497,3.524,3.5748,3.5995,3.6226,3.6621,3.684,3.7025,3.7356,3.7532,3.7731,3.8115,3.8311,3.8527,3.8932,3.9081,3.9187,3.9052,3.8106,3.6804,3.4833,3.1052,2.9358,2.7753,2.4716,2.3304,2.1983,1.9582,1.8484,1.7446,1.5576,1.4728,1.393,1.2482,1.1824,1.1206,1.007,0.9559,0.9079,0.8194,0.7797,0.7422,0.6736,0.6421,0.6124,0.5579,0.534,0.5113,0.4693,0.4317,0.4144,0.3982,0.3684,0.3553,0.3432,0.3218,0.3115,0.3014,0.2843,0.2771,0.2702,0.2567,0.251,0.2459,0.2346,0.2302,0.2258,0.2175,0.2134,0.2104,0.2034,0.2006,0.198,0.1941,0.1924,0.1903,0.1866,0.1848,0.1834,0.1809,0.1794,0.1781,0.176,0.1755,0.1746,0.1727,0.1717,0.1714,0.1701,0.1695,0.1693
HS step 3 extension force: ,0,0.1495,0.1609,0.1506,0.164,0.1413,0.1682,0.1506,0.1588,0.1383,0.1475,0.1557,0.1588,0.1682,0.1671,0.1671,0.165,0.1682,0.1516,0.1713,0.1671,0.1703,0.1682,0.1745,0.1353,0.163,0.1619,0.1703,0.1661,0.1661,0.1393,0.1485,0.1598,0.1495,0.1671,0.1619,0.1526,0.1403,0.1383,0.1363,0.1598,0.1692,0.1609,0.1661,0.1536,0.1619,0.1713,0.165,0.1485,0.1682,0.164,0.1424,0.1434,0.164,0.1526,0.1424,0.1526,0.1413,0.1682,0.1766,0.1692,0.282,0.1302,0.1495,0.164,0.1516,0.1766,0.2464,0.7726,1.2201,1.5716,2.6994,3.7067,4.418,3.9435,3.9074,4.0113,4.1828,4.2655,4.3609,4.5108,4.5519,4.3101,4.3723,4.3951,4.4642,4.47,4.4526,4.4758,4.4991,4.5166,4.5934,4.6292,4.6173,4.4874,4.5756,4.5874,4.5934,4.5874,4.6352,4.5519,4.5756,4.6413,4.5994,4.6113,4.5994,4.6053,4.6473,4.5934,4.5696,4.5934,4.5578,4.5519,4.546,4.5637,4.4991,4.4758,4.5166,4.5225,4.4874,4.5756,4.5696,4.546,4.4816,4.546,4.5519,4.5578,4.5637,4.5696,4.5342,4.5166,4.6053,4.4758,4.6053,4.4874,4.5874,4.5696,4.5637,4.5934,4.5815,4.6233,4.5756,4.6233,4.6292,4.6233,4.6714,4.6173,4.5874,4.4065,4.378,4.2322,4.0008,2.9694,1.3679,1.1774,0.9466,0.5346,0.3056,0.2285,0.1861,0.1883,0.1808,0.2319,0.326,0.3832,0.4037,0.4273,0.4233,0.4115,0.5006,0.5665,0.7425,1.0545,1.3243,1.718,2.3565,3.5716,3.7116,3.8971,3.9643,3.9435,3.9956,3.9904,4.0483,4.1231,4.161,4.1016,4.2544,4.2267,4.4065,4.2766,4.2488,4.3723,4.4123,4.4353,4.3894,4.418,4.5225,4.5225,4.5756,4.6835,4.7507,4.72,4.7507,4.7877,4.6957,4.8562,4.894,4.8814,4.913,4.964,4.9962,4.9067,4.9833,5.022,4.8877,5.048,5.0872,4.8751,5.1135,5.048,5.0676,4.9897,4.7261,4.5342,4.0642,3.0267,2.3735,2.0206,1.5895,1.0094,0.7294,0.2612,0.1734,0.184,0.1454,0.1536,0.1609,0.1465,0.1424,0.1363,0.1343,0.1703,0.1671,0.163,0.1692,0.1692,0.165,0.1444,0.1671,0.1724,0.164,0.1506,0.1734,0.1671,0.1506,0.1485,0.1557,0.165,0.1578,0.1671,0.1619,0.1671,0.1671,0.1598,0.1682,0.165,0.1465,0.1598,0.1393,0.1363,0.1485,0.1671,0.1661,0.165,0.1713,0.1692,0.1692
HS step 3 extension force average: ,0,0.1575,0.1578,0.1577,0.1577,0.1579,0.1577,0.1578,0.1585,0.1584,0.1575,0.1571,0.1575,0.1579,0.1585,0.1586,0.159,0.1595,0.1602,0.1607,0.1612,0.1616,0.1626,0.1631,0.1626,0.1609,0.161,0.1613,0.162,0.1623,0.1617,0.1612,0.1608,0.1604,0.1608,0.161,0.1608,0.1602,0.159,0.1576,0.1575,0.158,0.1584,0.159,0.1591,0.159,0.1598,0.1603,0.1601,0.1593,0.1598,0.1594,0.1568,0.1566,0.1567,0.1565,0.1559,0.1554,0.156,0.157,0.158,0.1687,0.1709,0.169,0.1683,0.1677,0.1675,0.1702,0.2114,0.2592,0.3284,0.543,0.8826,1.0762,1.2652,1.4272,1.7309,1.8749,2.018,2.2882,2.419,2.5476,2.7683,2.8641,2.9566,3.1354,3.2165,3.2923,3.4317,3.496,3.5576,3.6759,3.7329,3.7871,3.8794,3.9191,3.9594,4.0317,4.0657,4.0989,4.1548,4.2055,4.2301,4.2538,4.2992,4.3179,4.3352,4.3677,4.383,4.3951,4.4207,4.4301,4.4377,4.4493,4.4557,4.4603,4.4604,4.4626,4.4661,4.4748,4.4782,4.484,4.4927,4.494,4.4952,4.5003,4.5036,4.5071,4.5119,4.5143,4.515,4.5155,4.517,4.5184,4.5185,4.5196,4.5232,4.5313,4.5342,4.5375,4.5377,4.5414,4.545,4.5562,4.5604,4.5657,4.5801,4.5847,4.5793,4.568,4.5519,4.4963,4.3728,4.2386,4.058,3.8756,3.5037,3.3159,3.1303,2.7857,2.6275,2.4787,2.2077,2.0903,1.9846,1.7962,1.7122,1.6338,1.4913,1.4283,1.3738,1.2852,1.2617,1.2573,1.2851,1.3834,1.4796,1.6113,1.7448,2.0028,2.1216,2.2341,2.4419,2.538,2.6322,2.81,2.8905,2.9689,3.1172,3.1902,3.2603,3.3838,3.4402,3.4982,3.6095,3.6584,3.7038,3.7937,3.8381,3.9278,3.9706,4.016,4.1,4.1387,4.1771,4.2519,4.2838,4.3198,4.3857,4.4364,4.467,4.4982,4.5486,4.5728,4.5989,4.6354,4.6788,4.7024,4.7194,4.758,4.7776,4.7947,4.823,4.8251,4.8132,4.7514,4.5839,4.4692,4.3308,4.1771,3.8323,3.6519,3.2797,3.0932,2.7515,2.594,2.4451,2.1753,2.0523,1.9361,1.7249,1.6281,1.4547,1.3764,1.3026,1.1681,1.1073,1.05,0.9451,0.8971,0.8528,0.7703,0.733,0.6982,0.6343,0.6054,0.5776,0.5272,0.5049,0.484,0.4466,0.4294,0.4133,0.3841,0.3707,0.3581,0.3355,0.3246,0.3141,0.2957,0.2861,0.2774,0.2636,0.2577,0.2521,0.242,0.2377,0.2335
Text edit contents: ,"A place for a clinician to note down any specific observations when performing the test
","A place for a clinician to note down any specific observations when performing the test
","A place for a clinician to note down any specific observations when performing the test
","A place for a clinician to note down any specific observations and comments
"
Unaffected leg extension:,Affected leg voluntary extension (V):,Affected leg involuntary extension (IV):,Affected leg involuntary/voluntary ratio (IVVR = IV/V):
3.0934,4.1992,3.9187,5.1135,1.22
